n_particles,packing_fraction,run_number,F0_acc,F0_ideal_gas,F0,sigF0,unit_box_F0
16,0.828,1,NaN,NaN,NaN,NaN,NaN
16,0.828,0,NaN,NaN,NaN,NaN,NaN
16,0.828,4,NaN,NaN,NaN,NaN,NaN
16,0.828,3,NaN,NaN,NaN,NaN,NaN
16,0.828,2,NaN,NaN,NaN,NaN,NaN
32,0.828,1,-45.22667232507334,-165.79859227912667,-76.76969395937115,0.0346877292700002,89.02889831975551
32,0.828,0,-45.22667232507334,-165.79859227912667,-78.7434515659163,0.0348146786093409,87.05514071321036
32,0.828,4,NaN,NaN,NaN,NaN,NaN
32,0.828,3,-45.22667232507334,-165.79859227912667,-76.64232180246535,0.0352997814352448,89.15627047666132
32,0.828,2,-45.22667232507334,-165.79859227912667,-77.87031842580144,0.0346592834884356,87.92827385332522
16,0.83,1,NaN,NaN,NaN,NaN,NaN
16,0.83,0,NaN,NaN,NaN,NaN,NaN
16,0.83,4,NaN,NaN,NaN,NaN,NaN
16,0.83,3,NaN,NaN,NaN,NaN,NaN
16,0.83,2,-12.047294557300773,-71.20755356408786,-38.20520529290148,0.0229486512545523,33.00234827118638
32,0.84,1,-45.00094959888011,-165.33815268065948,-78.56191361409486,0.0341424400683451,86.77623906656461
32,0.84,0,-45.00094959888011,-165.33815268065948,-77.70680466800194,0.0394902204129135,87.63134801265754
32,0.84,4,NaN,NaN,NaN,NaN,NaN
32,0.84,3,NaN,NaN,NaN,NaN,NaN
32,0.84,2,-45.00094959888011,-165.33815268065948,-79.48010352026633,0.0340574617739396,85.85804916039315
16,0.86,1,NaN,NaN,NaN,NaN,NaN
16,0.86,0,NaN,NaN,NaN,NaN,NaN
16,0.86,4,NaN,NaN,NaN,NaN,NaN
16,0.86,3,NaN,NaN,NaN,NaN,NaN
16,0.86,2,NaN,NaN,NaN,NaN,NaN
32,0.83,1,-45.20974658830636,-165.7213907941544,-77.37498601374816,0.0350331756659878,88.34640478040623
32,0.83,0,NaN,NaN,NaN,NaN,NaN
32,0.83,4,NaN,NaN,NaN,NaN,NaN
32,0.83,3,-45.20974658830636,-165.7213907941544,-78.78110964445918,0.035349250192483,86.94028114969521
32,0.83,2,NaN,NaN,NaN,NaN,NaN
16,0.85,1,NaN,NaN,NaN,NaN,NaN
16,0.85,0,NaN,NaN,NaN,NaN,NaN
16,0.85,4,NaN,NaN,NaN,NaN,NaN
16,0.85,3,-11.349452447005646,-70.82658318498837,-38.38990592985335,0.0234750587260023,32.43667725513502
16,0.85,2,NaN,NaN,NaN,NaN,NaN
32,0.85,1,-45.54906592695281,-164.95945003595537,-74.85520016068074,0.036475753758089,90.10424987527463
32,0.85,0,-45.54906592695281,-164.95945003595537,-78.35773752095724,0.035107338206058,86.60171251499813
32,0.85,4,NaN,NaN,NaN,NaN,NaN
32,0.85,3,-45.54906592695281,-164.95945003595537,-76.242666106722,0.0336839609441159,88.71678392923337
32,0.85,2,-45.54906592695281,-164.95945003595537,-79.04782672999463,0.0350781973865832,85.91162330596075
16,0.84,1,NaN,NaN,NaN,NaN,NaN
16,0.84,0,NaN,NaN,NaN,NaN,NaN
16,0.84,4,NaN,NaN,NaN,NaN,NaN
16,0.84,3,NaN,NaN,NaN,NaN,NaN
16,0.84,2,NaN,NaN,NaN,NaN,NaN
32,0.86,1,-43.456753918320686,-164.58517676353327,-79.16207992498808,0.0350871276201528,85.42309683854519
32,0.86,0,-43.456753918320686,-164.58517676353327,-77.82864535974613,0.034534270817054,86.75653140378714
32,0.86,4,-43.456753918320686,-164.58517676353327,-78.02964126986231,0.0346936748113567,86.55553549367096
32,0.86,3,-43.456753918320686,-164.58517676353327,-77.17778194160235,0.0347499907159555,87.40739482193092
32,0.86,2,-43.456753918320686,-164.58517676353327,-80.32686754116375,0.0343914124599453,84.25830922236952
