minimizer,nparticles,ensemble_folder,volume,volume_error
MXD,8,explore_bv_jammed_packing5,-0.0001916831516766,0.0162677012682477
MXD,8,explore_bv_jammed_packing1,-0.0111689130999117,0.0162759015954211
MXD,8,explore_bv_jammed_packing0,0.0147175808887177,0.0163861961452539
MXD,8,explore_bv_jammed_packing6,-0.00513834034615,0.0165228104531669
MXD,8,explore_bv_jammed_packing9,-0.0170926678610961,0.0163046255321391
MXD,8,explore_bv_jammed_packing4,0.0110834001024109,0.0163369244899727
MXD,8,explore_bv_jammed_packing3,0.032088485898182,0.0159861602506634
MXD,8,explore_bv_jammed_packing2,-0.0074113467958341,0.0162153207857252
MXD,8,explore_bv_jammed_packing8,-0.0150726395783884,0.0163372260326709
MXD,8,explore_bv_jammed_packing7,0.0009723935055739,0.0160190178964715
LBFGS,64,explore_bv_jammed_packing5,-0.0829105227924174,0.0496634558842586
LBFGS,64,explore_bv_jammed_packing1,0.00633777024197,0.049916758433221
LBFGS,64,explore_bv_jammed_packing0,-0.0503183398464273,0.0514162242083577
LBFGS,64,explore_bv_jammed_packing6,0.024492939935584,0.0484758205608481
LBFGS,64,explore_bv_jammed_packing9,0.048338183746381,0.0493833436940087
LBFGS,64,explore_bv_jammed_packing4,0.0908838318860035,0.0497016008127399
LBFGS,64,explore_bv_jammed_packing3,0.0511885592384544,0.048782982607937
LBFGS,64,explore_bv_jammed_packing2,-0.0316753622423676,0.0493145540195943
LBFGS,64,explore_bv_jammed_packing8,-0.0066352911407535,0.0496018012030152
LBFGS,64,explore_bv_jammed_packing7,-0.0275123993840793,0.0499592022711311
CVODE,8,explore_bv_jammed_packing5,0.0337032065036702,0.0160206413420471
CVODE,8,explore_bv_jammed_packing1,-0.0027670667593149,0.0161992653103114
CVODE,8,explore_bv_jammed_packing0,0.0234524437056329,0.016208580137673
CVODE,8,explore_bv_jammed_packing6,0.0273513819635021,0.0164452125199893
CVODE,8,explore_bv_jammed_packing9,-0.0011474984451603,0.0163505173354273
CVODE,8,explore_bv_jammed_packing4,-0.0081007340927357,0.016289252386169
CVODE,8,explore_bv_jammed_packing3,-0.0042942805670769,0.0162155714701378
CVODE,8,explore_bv_jammed_packing2,-0.0041357238682593,0.0162158068012559
CVODE,8,explore_bv_jammed_packing8,-0.0061165317779448,0.0160674387688859
CVODE,8,explore_bv_jammed_packing7,-0.0482430316922517,0.0165449744509125
MXD,16,explore_bv_jammed_packing5,0.002258317552716,0.0246699926934357
MXD,16,explore_bv_jammed_packing1,-0.0373967630576004,0.0248572539050535
MXD,16,explore_bv_jammed_packing0,-0.0054163839371029,0.0245369160657395
MXD,16,explore_bv_jammed_packing6,0.031062594228203,0.0244018414708997
MXD,16,explore_bv_jammed_packing9,0.0278557046437129,0.0245822418209309
MXD,16,explore_bv_jammed_packing4,-0.0263591179788847,0.0248685475646891
MXD,16,explore_bv_jammed_packing3,-0.0291319878747203,0.0247332799694677
MXD,16,explore_bv_jammed_packing2,-0.0369616096237237,0.0246625277564606
MXD,16,explore_bv_jammed_packing8,-0.0159509358338639,0.0251979015631071
MXD,16,explore_bv_jammed_packing7,-0.0298965722811815,0.0244597447555325
CVODE,64,explore_bv_jammed_packing5,0.0020133761435943,0.049325897450324
CVODE,64,explore_bv_jammed_packing1,-0.0800692991558378,0.0511662105320887
CVODE,64,explore_bv_jammed_packing0,-0.0693728712291204,0.0499049289224456
CVODE,64,explore_bv_jammed_packing6,0.0821104462776532,0.0507439749035023
CVODE,64,explore_bv_jammed_packing9,0.0289194125685412,0.0487305804982347
CVODE,64,explore_bv_jammed_packing4,-0.048576093290734,0.0502794718414188
CVODE,64,explore_bv_jammed_packing3,-0.1348878342545277,0.0519551599860075
CVODE,64,explore_bv_jammed_packing2,0.0785670794081454,0.0509564089846257
CVODE,64,explore_bv_jammed_packing8,0.0527021319242067,0.0506780812042299
CVODE,64,explore_bv_jammed_packing7,-0.0319250316339037,0.0506722909083878
FIRE,64,explore_bv_jammed_packing5,0.0322168030250793,0.0490835965196011
FIRE,64,explore_bv_jammed_packing1,0.1150733242222088,0.0474888737900915
FIRE,64,explore_bv_jammed_packing0,0.0544001146126902,0.0494292542266568
FIRE,64,explore_bv_jammed_packing6,0.0525882848309891,0.0488214525238302
FIRE,64,explore_bv_jammed_packing9,0.0173921975892597,0.0488414428692946
FIRE,64,explore_bv_jammed_packing4,0.0448718588485235,0.0487934079024653
FIRE,64,explore_bv_jammed_packing3,0.0263926353190982,0.0481128360398022
FIRE,64,explore_bv_jammed_packing2,0.0123182717149177,0.0496753612084594
FIRE,64,explore_bv_jammed_packing8,0.0409366416643309,0.0493951012368012
FIRE,64,explore_bv_jammed_packing7,0.0815874681847504,0.0491382597918209
MXD,64,explore_bv_jammed_packing5,0.0053903161018525,0.0493648314684664
MXD,64,explore_bv_jammed_packing1,0.0667813023368637,0.048203433097652
MXD,64,explore_bv_jammed_packing0,-0.0268079607009781,0.0499716209937659
MXD,64,explore_bv_jammed_packing6,0.0883785391764036,0.048012508514945
MXD,64,explore_bv_jammed_packing9,0.0148290563134879,0.0499779726817084
MXD,64,explore_bv_jammed_packing4,0.1195085783529919,0.0482662939972678
MXD,64,explore_bv_jammed_packing3,-0.0189745926742262,0.0507906777239022
MXD,64,explore_bv_jammed_packing2,0.0027933526485526,0.0489229801534434
MXD,64,explore_bv_jammed_packing8,-0.0645641782029429,0.0497566183593841
MXD,64,explore_bv_jammed_packing7,0.0021408286775113,0.0493157795044737
FIRE,32,explore_bv_jammed_packing5,0.0067682198846342,0.0353140594354155
FIRE,32,explore_bv_jammed_packing1,-0.0001512139951387,0.0347865895271652
FIRE,32,explore_bv_jammed_packing0,-0.0085792252078107,0.0343595480451391
FIRE,32,explore_bv_jammed_packing6,0.0123310067562699,0.0355922043883944
FIRE,32,explore_bv_jammed_packing9,-0.0496361160094381,0.0354546725529272
FIRE,32,explore_bv_jammed_packing4,0.0555471826463361,0.0347134310600422
FIRE,32,explore_bv_jammed_packing3,0.0088708158979784,0.0353400629741506
FIRE,32,explore_bv_jammed_packing2,0.0382639803357989,0.0346037422317209
FIRE,32,explore_bv_jammed_packing8,0.0296372428842204,0.0351637131510078
FIRE,32,explore_bv_jammed_packing7,0.0274423770849666,0.0343536867620709
CVODE,16,explore_bv_jammed_packing5,-0.005338818127349,0.0246137484601628
CVODE,16,explore_bv_jammed_packing1,-0.0092678297395139,0.0245278450737815
CVODE,16,explore_bv_jammed_packing0,-0.0289937550621957,0.0250788436921685
CVODE,16,explore_bv_jammed_packing6,0.0028354877214554,0.0245796934715505
CVODE,16,explore_bv_jammed_packing9,0.0389952345420994,0.0245095411608897
CVODE,16,explore_bv_jammed_packing4,-0.0039455397086385,0.0249238666552393
CVODE,16,explore_bv_jammed_packing3,0.0442078168534792,0.0247146560557005
CVODE,16,explore_bv_jammed_packing2,-0.0255965241151799,0.0249090875359251
CVODE,16,explore_bv_jammed_packing8,0.0095699131435154,0.0246381334438389
CVODE,16,explore_bv_jammed_packing7,0.0081962106585607,0.0242194789655739
CVODE,32,explore_bv_jammed_packing5,-0.0236252869348732,0.0345464323612862
CVODE,32,explore_bv_jammed_packing1,-0.0062477425695704,0.034958981568704
CVODE,32,explore_bv_jammed_packing0,0.0500159947746965,0.0345462453192645
CVODE,32,explore_bv_jammed_packing6,-0.0072865074044444,0.03463976005936
CVODE,32,explore_bv_jammed_packing9,0.0174465984087959,0.034574857121416
CVODE,32,explore_bv_jammed_packing4,-0.0562290214793677,0.0347076119597284
CVODE,32,explore_bv_jammed_packing3,-0.0845606978889464,0.0359215245546327
CVODE,32,explore_bv_jammed_packing2,-0.0009326576101216,0.0345466851544944
CVODE,32,explore_bv_jammed_packing8,0.0125294053812297,0.0353976916163961
CVODE,32,explore_bv_jammed_packing7,0.0598668243680009,0.0339665262697178
MXD,32,explore_bv_jammed_packing5,0.0239812496920706,0.0336563047794257
MXD,32,explore_bv_jammed_packing1,-0.0163734875688704,0.0348578949894366
MXD,32,explore_bv_jammed_packing0,0.0590414801739882,0.0344329147791164
MXD,32,explore_bv_jammed_packing6,0.0286219973596928,0.0342511321352627
MXD,32,explore_bv_jammed_packing9,-0.0229905206444414,0.0350083915401819
MXD,32,explore_bv_jammed_packing4,-0.0058980836969766,0.0350219843433085
MXD,32,explore_bv_jammed_packing3,-0.0368442601285892,0.0353053488533814
MXD,32,explore_bv_jammed_packing2,0.0143273495620946,0.0354285118482624
MXD,32,explore_bv_jammed_packing8,0.0247843641700314,0.0346780452799951
MXD,32,explore_bv_jammed_packing7,-0.0525261784520552,0.0350435409233528
