minimizer,nparticles,ensemble_folder,volume
FIRE,128,explore_bv_jammed_packing5,-0.0078032506190766
FIRE,128,explore_bv_jammed_packing1,0.12315382597302
FIRE,128,explore_bv_jammed_packing0,0.0072002427963298
FIRE,128,explore_bv_jammed_packing6,-0.039582855425067
FIRE,128,explore_bv_jammed_packing9,-0.0705367110543307
FIRE,128,explore_bv_jammed_packing4,0.0864403281173622
FIRE,128,explore_bv_jammed_packing3,-0.1238319080427459
FIRE,128,explore_bv_jammed_packing2,0.0041053621601463
FIRE,128,explore_bv_jammed_packing8,0.2036484061123929
FIRE,128,explore_bv_jammed_packing7,-0.0574265819656148
FIRE,256,explore_bv_jammed_packing5,-0.0509891973987351
FIRE,256,explore_bv_jammed_packing1,0.0731467921173135
FIRE,256,explore_bv_jammed_packing0,-0.201616917645083
FIRE,256,explore_bv_jammed_packing6,0.039400598776183
FIRE,256,explore_bv_jammed_packing9,-0.0951354799431101
FIRE,256,explore_bv_jammed_packing4,-0.0817552142719933
FIRE,256,explore_bv_jammed_packing3,0.0452583577275618
FIRE,256,explore_bv_jammed_packing2,0.0824267727455208
FIRE,256,explore_bv_jammed_packing8,0.0314337063244921
FIRE,256,explore_bv_jammed_packing7,0.097489912121091
LBFGS,256,explore_bv_jammed_packing5,-0.0952395010918963
LBFGS,256,explore_bv_jammed_packing1,-0.2097335672149256
LBFGS,256,explore_bv_jammed_packing0,0.0662042596787842
LBFGS,256,explore_bv_jammed_packing6,-0.1811285252530297
LBFGS,256,explore_bv_jammed_packing9,-0.1045291980922229
LBFGS,256,explore_bv_jammed_packing4,-0.0238129912796694
LBFGS,256,explore_bv_jammed_packing3,0.1158950174152551
LBFGS,256,explore_bv_jammed_packing2,-0.4240415155887831
LBFGS,256,explore_bv_jammed_packing8,0.1602889270068317
LBFGS,256,explore_bv_jammed_packing7,0.0785946321071833
LBFGS,128,explore_bv_jammed_packing5,0.0731842950684722
LBFGS,128,explore_bv_jammed_packing1,0.0793537459080085
LBFGS,128,explore_bv_jammed_packing0,-0.0485740027639849
LBFGS,128,explore_bv_jammed_packing6,0.1807264572481699
LBFGS,128,explore_bv_jammed_packing9,0.0417545356843334
LBFGS,128,explore_bv_jammed_packing4,-0.2980002693624328
LBFGS,128,explore_bv_jammed_packing3,-0.0189441057269732
LBFGS,128,explore_bv_jammed_packing2,0.0304058582835864
LBFGS,128,explore_bv_jammed_packing8,-0.1715927357329292
LBFGS,128,explore_bv_jammed_packing7,0.182185432409824
